,child,session,trial_num,trial_type,stim_type,confidence,iCatcher_on(s),iCatcher_off(s),t_spent_off_at_trial_end,parentEnded
0,QdY3DB,,1.0,fam,barrier-jump,0.8363455999337259,32.368,0.0,0.0,False
1,QdY3DB,,2.0,testA,barrier-jump,0.8584428190177853,42.984,1.663,0.0,False
2,QdY3DB,,3.0,fam,pit,0.8988701847895068,25.92,4.929,0.0,False
3,QdY3DB,,4.0,testB,pit,0.8075145389407109,41.07,3.138,3.411,False
4,QdY3DB,,5.0,fam,barrier-around,0.8970039870355513,37.954,0.0,0.0,False
5,QdY3DB,,6.0,testB,barrier-around,0.9117068485866068,41.474,2.783,1.855,False
6,QdY3DB,,7.0,fam,pit-bridge,0.8576760391147793,26.399,2.653,0.0,False
7,QdY3DB,,8.0,testA,pit-bridge,0.8942911591347273,28.653,14.881,0.32,False
8,RKN6KW,,1.0,fam,pit,0.8781303088659438,28.091,2.327,0.0,False
9,RKN6KW,,2.0,testA,pit,0.8524083707571855,37.59,5.908,0.0,False
10,RKN6KW,,3.0,fam,pit-bridge,0.856534426153843,23.842,4.981,2.112,False
11,RKN6KW,,4.0,testB,pit-bridge,0.8773074929487138,33.915,9.374,1.459,False
12,RKN6KW,,5.0,fam,barrier-jump,0.8431341247436143,21.059,9.632,2.848,False
13,RKN6KW,,6.0,testB,barrier-jump,0.9029066314299902,31.518,11.458,0.208,False
14,RKN6KW,,7.0,fam,barrier-around,0.9086950337293588,27.336,9.395,2.932,False
15,RKN6KW,,8.0,testA,barrier-around,0.8993149961839709,40.559,3.091,0.0,False
16,TGA6G7,,1.0,fam,pit,0.8560860989891531,25.015,3.797,1.906,False
17,TGA6G7,,2.0,testA,pit,0.8424624678943138,35.749,5.826,1.003,False
18,TGA6G7,,3.0,fam,pit-bridge,0.8829976924678735,28.107,1.206,0.0,False
19,TGA6G7,,4.0,testB,pit-bridge,0.8766856454312801,38.292,5.405,0.0,False
20,TGA6G7,,5.0,fam,barrier-jump,0.8925651785150264,31.387,0.591,0.0,False
21,TGA6G7,,6.0,testB,barrier-jump,0.8503618572027453,29.479,12.946,0.096,False
22,TGA6G7,,7.0,fam,barrier-around,0.8073348180130795,32.081,3.692,1.7,False
23,TGA6G7,,8.0,testA,barrier-around,0.817044223227152,35.678,7.318,0.0,False
24,TGA6G7,,9.0,fam,pit,0.8827661751058158,24.526,4.888,2.595,False
25,TGA6G7,,10.0,testA,pit,0.8549174289811742,31.997,11.355,1.905,False
26,TGA6G7,,11.0,fam,pit-bridge,0.84276025396473,25.608,2.709,2.183,False
27,TGA6G7,,12.0,testB,pit-bridge,0.7986733868233994,25.769,15.645,0.0,False
28,H7G3CC,,1.0,fam,barrier-around,0.8349778179586287,10.326,25.647,3.14,False
29,H7G3CC,,2.0,testA,barrier-around,0.8346715913878546,0.0,45.009,4.052,False
30,H7G3CC,,3.0,fam,barrier-jump,0.8578890062295473,2.495,28.933,4.027,False
31,H7G3CC,,4.0,testB,barrier-jump,0.8942025187222854,3.519,39.876,3.273,False
32,H7G3CC,,5.0,fam,pit-bridge,0.7936554942280054,2.379,26.001,4.056,False
33,H7G3CC,,6.0,testB,pit-bridge,0.8688151900832718,1.784,42.521,4.026,False
34,H7G3CC,,7.0,fam,pit,0.7562832628425799,1.771,27.752,4.058,False
35,H7G3CC,,8.0,testA,pit,0.8022523088888689,2.872,40.238,3.321,False
36,H7G3CC,,9.0,fam,barrier-around,0.5148712396621704,1.523,35.02,4.018,False
37,H7G3CC,,10.0,testA,barrier-around,0.8265005287798968,0.0,44.857,4.001,False
38,H7G3CC,,11.0,fam,barrier-jump,0.8426009306907654,11.029,14.189,2.216,False
39,H7G3CC,,12.0,testB,barrier-jump,0.0,13.876,25.281,3.131,False
40,352KHV,,1.0,fam,barrier-around,0.9715600642551672,7.899,26.435,4.026,False
41,352KHV,,2.0,testB,barrier-around,0.9547052121743924,2.025,41.513,4.024,False
42,352KHV,,3.0,fam,barrier-jump,0.9863650487326464,20.852,7.205,0.972,False
43,352KHV,,4.0,testA,barrier-jump,0.9527138573254724,3.404,39.64,3.508,False
44,352KHV,,5.0,fam,pit-bridge,0.9203736335246387,23.723,5.152,0.617,False
45,352KHV,,6.0,testA,pit-bridge,0.9111076029598848,28.716,14.694,0.424,False
46,352KHV,,7.0,fam,pit,0.8927290356057322,17.666,9.316,1.52,False
47,352KHV,,8.0,testB,pit,0.7991154012472733,7.715,31.36,1.216,False
48,352KHV,,9.0,fam,barrier-around,0.8389175943299836,0.685,35.301,3.955,False
49,352KHV,,10.0,testB,barrier-around,0.9473378458830316,5.565,33.697,3.821,False
50,352KHV,,11.0,fam,barrier-jump,0.8035715094759317,9.184,18.66,3.685,False
51,352KHV,,12.0,testA,barrier-jump,0.9709791656430452,8.457,33.937,3.578,False
52,Q4KECG,,1.0,fam,barrier-around,0.876141651193214,37.872,0.0,0.0,False
53,Q4KECG,,2.0,testB,barrier-around,0.8397676532132007,40.191,4.16,3.568,False
54,Q4KECG,,3.0,fam,barrier-jump,0.8425191517376229,32.4,0.0,0.0,False
55,Q4KECG,,4.0,testA,barrier-jump,0.8541965152184988,39.882,4.48,3.488,False
56,Q4KECG,,5.0,fam,pit-bridge,0.8684106107646897,27.424,1.167,0.0,False
57,Q4KECG,,6.0,testA,pit-bridge,0.8501224172346801,42.544,1.983,2.319,False
58,Q4KECG,,7.0,fam,pit,0.9020065795480406,30.896,0.0,0.0,False
59,Q4KECG,,8.0,testB,pit,0.7917772426324732,28.56,11.617,1.985,False
60,Q4KECG,,9.0,fam,barrier-around,0.8407507992344476,29.568,6.648,1.824,False
61,Q4KECG,,10.0,testB,barrier-around,0.8182238583105156,33.456,9.54,3.762,False
62,Q4KECG,,11.0,fam,barrier-jump,0.9211780512600802,21.519,9.551,2.991,False
63,Q4KECG,,12.0,testA,barrier-jump,0.7554728330635443,24.835,15.375,1.743,False
64,TX2GSP,,1.0,fam,pit,0.9242090475128356,27.022,2.47,2.209,False
65,TX2GSP,,2.0,testB,pit,0.9212080084581146,37.872,5.241,0.0,False
66,TX2GSP,,3.0,fam,pit-bridge,0.9137711686461998,22.779,4.777,1.681,False
67,TX2GSP,,4.0,testA,pit-bridge,0.9108645375526064,41.387,1.34,0.0,False
68,TX2GSP,,5.0,fam,barrier-jump,0.9004465361603168,31.505,0.337,0.0,False
69,TX2GSP,,6.0,testA,barrier-jump,0.9182721668536344,43.4,0.799,0.0,False
70,TX2GSP,,7.0,fam,barrier-around,0.888505254642687,36.546,0.735,0.0,False
71,TX2GSP,,8.0,testB,barrier-around,0.8901419591273058,37.599,4.472,0.401,False
72,TX2GSP,,9.0,fam,pit,0.8982622740089252,31.039,0.0,0.0,False
73,TX2GSP,,10.0,testB,pit,0.8887491859637285,33.487,8.338,0.0,False
74,TX2GSP,,11.0,fam,pit-bridge,0.8825970220119774,18.848,9.348,0.928,False
75,TX2GSP,,12.0,testA,pit-bridge,0.8456111744409655,25.317,8.049,0.191,False
76,TX2GSP,,13.0,fam,pit,0.9793280959129332,0.0,0.0,0.0,False
77,TX2GSP,,14.0,testB,pit,0.9677260347775052,0.0,0.0,0.0,False
78,TX2GSP,,15.0,fam,pit-bridge,0.9060399532318116,1.784,0.0,0.0,False
79,TX2GSP,,16.0,testA,pit-bridge,0.8285620589256286,1.392,0.0,0.08,False
80,TX2GSP,,17.0,fam,barrier-jump,0.8227549323013851,8.305,0.0,0.0,False
81,TX2GSP,,18.0,testA,barrier-jump,0.9763596504926682,2.736,0.0,0.0,False
82,TX2GSP,,19.0,fam,barrier-around,0.7468733429908753,5.289,0.0,0.0,False
83,TX2GSP,,20.0,testB,barrier-around,0.917070916720799,2.944,0.0,0.0,False
84,TX2GSP,,21.0,fam,pit,0.8325170006441034,8.368,0.0,0.0,False
85,TX2GSP,,22.0,testB,pit,0.8978794126799612,3.008,0.0,0.0,False
86,TX2GSP,,23.0,fam,pit-bridge,0.6358270426591237,4.207,0.673,0.928,False
87,TX2GSP,,24.0,testA,pit-bridge,0.0,0.866,1.618,1.618,False
88,dHPNP6,,1.0,fam,barrier-around,0.9142577370102896,37.096,0.3,0.0,False
89,dHPNP6,,2.0,testA,barrier-around,0.8518056863434262,42.793,0.815,0.0,False
90,dHPNP6,,3.0,fam,barrier-jump,0.882115685881065,29.666,2.304,2.432,False
91,dHPNP6,,4.0,testB,barrier-jump,0.8788352005601281,24.858,15.409,0.577,False
92,dHPNP6,,5.0,testB,barrier-jump-repeat-1,0.9401183944994588,24.558,17.505,0.0,False
93,dHPNP6,,6.0,fam,pit-bridge,0.8988976730663973,19.974,6.917,2.048,False
94,dHPNP6,,7.0,testB,pit-bridge,0.924931192460813,35.606,7.476,0.271,False
95,dHPNP6,,8.0,fam,pit,0.939442657929146,27.305,1.887,0.0,False
96,dHPNP6,,9.0,testA,pit,0.9141430670350064,24.682,16.015,3.167,False
97,dHPNP6,,10.0,fam,barrier-around,0.9051758547399706,31.265,4.525,1.199,False
98,dHPNP6,,11.0,testA,barrier-around,0.8302274621012857,30.605,13.968,4.0,False
99,dHPNP6,,12.0,fam,barrier-jump,0.891389550144139,20.067,11.499,0.602,False
100,dHPNP6,,13.0,testB,barrier-jump,0.8921806557557067,17.217,25.372,1.581,False
101,3UUGUc,,1.0,fam,pit-bridge,0.9192308977313106,29.648,0.0,0.0,False
102,3UUGUc,,2.0,testA,pit-bridge,0.9306538312147696,32.662,11.883,4.012,False
103,3UUGUc,,3.0,fam,barrier-around,0.8999871434503897,28.679,8.952,0.0,False
104,3UUGUc,,4.0,testB,barrier-around,0.8805898404320496,15.176,28.243,4.013,False
105,3UUGUc,,5.0,fam,pit,0.6977145118644824,9.467,19.647,2.774,False
106,3UUGUc,,6.0,testB,pit,0.8562430951738433,20.392,23.148,4.001,False
107,3UUGUc,,7.0,fam,barrier-jump,0.9195299886200764,13.211,16.172,4.007,False
108,3UUGUc,,8.0,testA,barrier-jump,0.8563133166071683,13.551,27.47,3.268,False
109,273QdB,,1.0,fam,pit-bridge,0.971966100692749,29.828,0.0,0.0,False
110,273QdB,,2.0,testB,pit-bridge,0.9346998881402204,36.526,8.498,0.0,False
111,273QdB,,3.0,fam,barrier-around,0.8794403259871436,36.926,0.0,0.0,False
112,273QdB,,4.0,testA,barrier-around,0.8673045393377067,40.525,1.433,0.034,False
113,273QdB,,5.0,fam,pit,0.8719646146510567,26.227,0.1,0.0,False
114,273QdB,,6.0,testA,pit,0.8718612050620195,37.793,6.967,0.0,False
115,273QdB,,7.0,fam,barrier-jump,0.9356298588718156,22.195,4.333,0.0,False
116,273QdB,,8.0,testB,barrier-jump,0.8701865293425644,40.988,1.934,0.0,False
117,SYXKGT,,1.0,fam,pit,0.8818364715358028,30.963,0.0,0.0,False
118,SYXKGT,,2.0,testA,pit,0.8788759567388674,40.106,3.083,0.467,False
119,SYXKGT,,3.0,fam,pit-bridge,0.8502880445639481,27.622,1.166,0.968,False
120,SYXKGT,,4.0,testB,pit-bridge,0.8619828236259351,26.964,16.043,0.859,False
121,SYXKGT,,5.0,fam,barrier-jump,0.8496138363950512,22.825,7.896,2.535,False
122,SYXKGT,,6.0,testB,barrier-jump,0.7912889033275712,30.531,11.683,4.003,False
123,SYXKGT,,7.0,fam,barrier-around,0.859840139964079,28.837,7.286,2.444,False
124,SYXKGT,,8.0,testA,barrier-around,0.8247325407523735,24.823,18.83,2.304,False
125,SYXKGT,,9.0,fam,pit,0.8278769488518055,14.951,15.544,4.003,False
126,SYXKGT,,10.0,testA,pit,0.813755479655159,25.711,17.083,3.904,False
127,SYXKGT,,11.0,fam,pit-bridge,0.7912490640739004,10.967,16.242,1.611,False
128,SYXKGT,,12.0,testB,pit-bridge,0.8175485219695781,9.848,34.702,3.206,False
129,ECPAC2,,1.0,fam,pit-bridge,0.9047530125487936,27.537,1.92,0.0,False
130,ECPAC2,,2.0,testA,pit-bridge,0.9354468002629432,15.583,8.953,1.726,False
131,ECPAC2,,3.0,testA,pit-bridge-repeat-1,0.932041295380894,40.833,3.988,0.0,False
132,ECPAC2,,4.0,fam,barrier-around,0.927840279512896,33.55,3.49,2.194,False
133,ECPAC2,,5.0,testB,barrier-around,0.8531081513224954,24.847,17.713,3.571,False
134,ECPAC2,,6.0,fam,pit,0.8699708466959066,25.392,5.156,0.336,False
135,ECPAC2,,7.0,testB,pit,0.8029356897676994,39.683,4.35,0.16,False
136,ECPAC2,,8.0,fam,barrier-jump,0.7877776665907157,30.131,1.633,0.801,False
137,ECPAC2,,9.0,testA,barrier-jump,0.869228276382409,37.079,6.728,3.405,False
138,YPA6WA,,1.0,fam,pit,0.8454710800072243,13.355,15.402,0.048,False
139,YPA6WA,,2.0,testA,pit,0.931781315301334,35.502,8.25,0.0,False
140,YPA6WA,,3.0,fam,pit-bridge,0.8973654518102078,13.799,15.451,2.698,False
141,YPA6WA,,4.0,testB,pit-bridge,0.8481456201172317,30.28,12.296,0.277,False
142,YPA6WA,,5.0,fam,barrier-jump,0.8414686698054994,31.646,0.364,0.0,False
143,YPA6WA,,6.0,testB,barrier-jump,0.8479169873936663,23.039,20.391,1.766,False
144,YPA6WA,,7.0,fam,barrier-around,0.929498285866108,17.888,18.798,3.44,False
145,YPA6WA,,8.0,testA,barrier-around,0.8360435753732345,28.73,15.45,0.0,False
146,RQCDM2,,1.0,fam,barrier-around,0.9301218980046518,30.391,6.836,0.0,False
147,RQCDM2,,2.0,testA,barrier-around,0.8511515044674431,9.239,34.889,3.806,False
148,RQCDM2,,3.0,fam,barrier-jump,0.8316999694757294,10.259,19.918,2.336,False
149,RQCDM2,,4.0,testB,barrier-jump,0.8760653039748052,9.976,33.618,0.897,False
150,RQCDM2,,5.0,fam,pit-bridge,0.8569642904557679,18.002,9.786,0.0,False
151,RQCDM2,,6.0,testB,pit-bridge,0.8708050451108388,8.595,34.943,4.039,False
152,RQCDM2,,7.0,fam,pit,0.9176859584721652,1.037,29.828,2.899,False
153,RQCDM2,,8.0,testA,pit,0.794203313589096,1.461,43.149,4.006,False
154,PMCRP5,,1.0,fam,pit,0.7454733209282745,14.864,11.484,1.566,False
155,PMCRP5,,2.0,testA,pit,0.8453764057174178,25.25,15.839,0.816,False
156,PMCRP5,,3.0,fam,pit-bridge,0.8349603919252273,14.192,10.383,0.641,False
157,PMCRP5,,4.0,testB,pit-bridge,0.8255953700781542,18.349,15.487,2.204,False
158,PMCRP5,,5.0,fam,barrier-jump,0.8150725134495479,14.406,10.73,1.823,False
159,PMCRP5,,6.0,testB,barrier-jump,0.7770258113741875,7.992,28.382,2.876,False
160,PMCRP5,,7.0,fam,barrier-around,0.762822733382168,22.284,10.426,1.632,False
161,PMCRP5,,8.0,testA,barrier-around,0.8093810659211973,23.482,15.94,1.822,False
162,A2NZTR,,1.0,fam,pit,0.956384438224517,30.596,0.169,0.0,False
163,A2NZTR,,2.0,testB,pit,0.9479947268019606,43.819,0.319,0.0,False
164,A2NZTR,,3.0,fam,pit-bridge,0.9285606998481498,19.364,8.824,3.065,False
165,A2NZTR,,4.0,testA,pit-bridge,0.959619490144489,13.693,29.165,0.998,False
166,A2NZTR,,5.0,fam,barrier-jump,0.9328946553111211,28.726,2.668,1.893,False
167,A2NZTR,,6.0,testA,barrier-jump,0.930870250653333,31.119,11.622,2.101,False
168,A2NZTR,,7.0,fam,barrier-around,0.958386570291446,25.217,10.975,2.772,False
169,A2NZTR,,8.0,testB,barrier-around,0.907531026067193,30.661,11.105,0.0,False
170,A2NZTR,,9.0,fam,pit,0.9386257316242128,29.577,0.935,0.0,False
171,A2NZTR,,10.0,testB,pit,0.90166949150683,36.494,7.712,1.568,False
172,A2NZTR,,11.0,fam,pit-bridge,0.9222603538615066,22.692,6.541,0.699,False
173,A2NZTR,,12.0,testA,pit-bridge,0.9042692202350696,37.328,6.92,0.182,False
174,SFBBJX,,1.0,fam,pit,0.7340435871009618,23.525,3.923,1.859,False
175,SFBBJX,,2.0,testA,pit,0.7360687197024532,35.822,4.718,1.794,False
176,SFBBJX,,3.0,fam,pit-bridge,0.7408583029596643,22.46,3.126,0.799,False
177,SFBBJX,,4.0,testB,pit-bridge,0.7905154905678303,38.345,4.054,0.2,False
178,SFBBJX,,5.0,fam,barrier-jump,0.7142168347879002,25.586,4.584,0.0,False
179,SFBBJX,,6.0,testB,barrier-jump,0.7312127052619355,35.687,6.246,3.988,False
180,SFBBJX,,7.0,fam,barrier-around,0.7513295162873096,26.583,6.844,2.127,False
181,SFBBJX,,8.0,testA,barrier-around,0.7641407168188761,36.618,4.252,0.997,False
182,SFBBJX,,9.0,fam,pit,0.6779581259067794,16.549,5.584,0.465,False
183,SFBBJX,,10.0,fam,pit-repeat-1,0.595850130567303,9.371,13.227,3.721,False
184,SFBBJX,,11.0,fam,pit-repeat-2,0.7154732017467419,11.429,16.018,3.258,False
185,SFBBJX,,12.0,fam,pit-repeat-3,0.7061606855198527,12.165,13.822,2.126,False
186,SFBBJX,,13.0,testA,pit,0.8690292458178589,23.126,16.879,2.325,False
187,SFBBJX,,14.0,fam,pit-bridge,0.7873737782239913,3.655,23.658,3.787,False
188,SFBBJX,,15.0,testB,pit-bridge,0.7347187192972041,6.779,34.424,2.857,False
189,TMT2Uc,,1.0,fam,pit-bridge,0.9364671593771104,28.224,0.905,0.031,False
190,TMT2Uc,,2.0,testA,pit-bridge,0.874808251262746,38.166,5.587,0.0,False
191,TMT2Uc,,3.0,fam,barrier-around,0.8645360823872128,32.492,4.329,0.031,False
192,TMT2Uc,,4.0,testB,barrier-around,0.8662288987003024,29.869,12.854,0.37,False
193,TMT2Uc,,5.0,fam,pit,0.8531567135962045,27.295,3.068,0.702,False
194,TMT2Uc,,6.0,testB,pit,0.8105256832588125,29.078,12.681,0.739,False
195,TMT2Uc,,7.0,fam,barrier-jump,0.8602447224897926,18.783,11.601,2.766,False
196,TMT2Uc,,8.0,testA,barrier-jump,0.9100922486345684,36.738,6.465,0.322,False
197,FCKcA5,,1.0,fam,pit,0.8798836324826337,28.208,1.665,0.767,False
198,FCKcA5,,2.0,testB,pit,0.8976066262878999,39.578,2.944,0.574,False
199,FCKcA5,,3.0,fam,pit-bridge,0.8562075003981591,26.525,2.451,0.369,False
200,FCKcA5,,4.0,testA,pit-bridge,0.7989847094540434,33.862,8.96,2.062,False
201,FCKcA5,,5.0,fam,barrier-jump,0.8110112412853496,21.683,9.038,0.0,False
202,FCKcA5,,6.0,testA,barrier-jump,0.6872230545397128,37.322,4.641,0.0,False
203,FCKcA5,,7.0,fam,barrier-around,0.8867457243505124,29.006,6.353,2.24,False
204,FCKcA5,,8.0,testB,barrier-around,0.9076352502001492,30.429,10.595,0.848,False
205,FCKcA5,,9.0,fam,pit,0.892644794041892,15.411,12.588,4.0,False
206,FCKcA5,,10.0,testB,pit,0.914081901506343,18.959,22.726,2.932,False
207,FCKcA5,,11.0,fam,pit-bridge,0.7862952867158517,23.175,4.05,1.28,False
208,FCKcA5,,12.0,testA,pit-bridge,0.8346619328773921,33.436,8.126,1.855,False
209,GScUXA,,1.0,fam,pit-bridge,0.8747835865073365,28.077,0.802,0.702,False
210,GScUXA,,2.0,testB,pit-bridge,0.8494157052558401,25.649,17.208,0.031,False
211,GScUXA,,3.0,fam,barrier-around,0.8164796405644329,27.907,8.399,0.882,False
212,GScUXA,,4.0,testA,barrier-around,0.7774927901317147,27.956,14.186,2.405,False
213,GScUXA,,5.0,fam,pit,0.8148478214758156,20.965,7.55,0.711,False
214,GScUXA,,6.0,testA,pit,0.7835815509318672,23.187,18.102,2.407,False
215,GScUXA,,7.0,fam,barrier-jump,0.7668216453213346,30.198,1.315,0.844,False
216,GScUXA,,8.0,testB,barrier-jump,0.847479653134942,25.555,17.437,4.017,False
217,GScUXA,,9.0,fam,pit-bridge,0.7532155939996072,10.115,16.534,4.021,False
218,GScUXA,,10.0,testB,pit-bridge,0.7864748712965477,8.917,34.073,1.898,False
219,GScUXA,,11.0,fam,barrier-around,0.7904286865362987,12.126,23.827,2.174,False
220,GScUXA,,12.0,testA,barrier-around,0.7436540254872609,17.786,22.181,0.642,False
221,JYVEQP,,1.0,fam,pit-bridge,0.9107525125922914,28.87,0.549,0.0,False
222,JYVEQP,,2.0,testB,pit-bridge,0.880497002606085,44.996,0.0,0.0,False
223,JYVEQP,,3.0,fam,barrier-around,0.8466490282665325,37.182,0.608,0.0,False
224,JYVEQP,,4.0,testA,barrier-around,0.835545757497917,38.891,3.808,0.162,False
225,JYVEQP,,5.0,fam,pit,0.8862948216523041,29.6,0.718,0.242,False
226,JYVEQP,,6.0,testA,pit,0.9121127295272466,42.903,1.075,1.605,False
227,JYVEQP,,7.0,fam,barrier-jump,0.8959500268719998,32.452,0.0,0.0,False
228,JYVEQP,,8.0,testB,barrier-jump,0.893787873283631,37.606,6.086,2.289,False
229,JYVEQP,,9.0,fam,pit-bridge,0.8474876799891072,25.604,3.232,0.062,False
230,JYVEQP,,10.0,testB,pit-bridge,0.8966372759004385,40.424,3.178,0.677,False
231,JYVEQP,,11.0,fam,barrier-around,0.8319781627014673,26.63,8.363,3.086,False
232,JYVEQP,,12.0,testA,barrier-around,0.8180368058780241,27.376,15.402,1.78,False
233,McQWFL,,1.0,fam,pit,0.8617806512181477,30.996,0.0,0.0,False
234,McQWFL,,2.0,testA,pit,0.8571899636912014,43.101,1.796,0.0,False
235,McQWFL,,3.0,fam,pit-bridge,0.9043106884764344,29.795,0.0,0.0,False
236,McQWFL,,4.0,testB,pit-bridge,0.9148462452601144,40.906,3.901,3.71,False
237,McQWFL,,5.0,fam,barrier-jump,0.92646807912341,30.967,1.373,0.0,False
238,McQWFL,,6.0,testB,barrier-jump,0.9515032595220432,38.366,6.475,0.0,False
239,McQWFL,,7.0,fam,barrier-around,0.9360755908457774,37.93,0.0,0.0,False
240,McQWFL,,8.0,testA,barrier-around,0.9071560685010353,45.072,0.0,0.0,False
241,McQWFL,,9.0,fam,pit,0.8436094044340934,17.995,12.289,3.665,False
242,McQWFL,,10.0,testA,pit,0.9023236740997422,25.414,18.473,4.031,False
243,McQWFL,,11.0,fam,pit-bridge,0.9331697031248326,21.185,8.436,2.668,False
244,McQWFL,,12.0,testB,pit-bridge,0.8109756176072266,11.915,31.48,3.1,False
245,LFNGJV,,1.0,fam,pit,0.9118785725291728,26.89,3.917,3.533,False
246,LFNGJV,,2.0,testA,pit,0.9106997881172958,34.824,9.602,2.795,False
247,LFNGJV,,3.0,fam,pit-bridge,0.8936524157816509,17.465,12.089,4.029,False
248,LFNGJV,,4.0,testB,pit-bridge,0.859519243638203,25.205,15.329,0.678,False
249,LFNGJV,,5.0,fam,barrier-jump,0.853073283335415,30.814,0.641,0.035,False
250,LFNGJV,,6.0,testB,barrier-jump,0.8398083035031497,36.753,6.635,0.568,False
251,LFNGJV,,7.0,fam,barrier-around,0.9155602323791538,32.715,5.103,0.108,False
252,LFNGJV,,8.0,testA,barrier-around,0.8608447471063356,25.826,18.627,4.024,False
253,LFNGJV,,9.0,fam,pit,0.8893918920018771,24.993,5.609,0.568,False
254,LFNGJV,,10.0,testA,pit,0.9098516783228628,26.513,17.629,2.167,False
255,LFNGJV,,11.0,fam,pit-bridge,0.8718958940215691,16.461,13.058,2.198,False
256,LFNGJV,,12.0,testB,pit-bridge,0.9065727349330136,29.994,13.897,0.0,False
257,N62TMP,,1.0,fam,pit-bridge,0.9407853988751972,23.368,4.523,1.274,False
258,N62TMP,,2.0,testA,pit-bridge,0.9217231056001703,40.911,2.142,0.0,False
259,N62TMP,,3.0,fam,barrier-around,0.8757815969104951,33.868,2.453,0.0,False
260,N62TMP,,4.0,testB,barrier-around,0.8967747653247401,36.145,5.686,0.137,False
261,N62TMP,,5.0,fam,pit,0.9008549445800568,29.412,1.042,0.096,False
262,N62TMP,,6.0,testB,pit,0.9085422256853906,35.315,7.607,0.233,False
263,N62TMP,,7.0,fam,barrier-jump,0.8897366836051966,23.281,5.667,1.132,False
264,N62TMP,,8.0,testA,barrier-jump,0.9210716961238878,29.742,14.264,0.167,False
265,N62TMP,,9.0,fam,pit-bridge,0.8737402823905737,20.218,7.214,0.636,False
266,N62TMP,,10.0,testA,pit-bridge,0.8507468237148805,25.675,17.393,2.14,False
267,N62TMP,,11.0,fam,barrier-around,0.8627350249441501,28.993,7.919,0.202,False
268,N62TMP,,12.0,testB,barrier-around,0.8359770570289005,36.025,7.63,0.2,False
269,5TDY7U,,1.0,fam,pit-bridge,0.0,0.0,29.71,4.021,False
270,5TDY7U,,2.0,testB,pit-bridge,0.0,0.0,45.033,4.0,False
271,5TDY7U,,3.0,fam,barrier-around,0.0,0.0,37.843,4.017,False
272,5TDY7U,,4.0,testA,barrier-around,0.0,0.0,45.108,4.048,False
273,5TDY7U,,5.0,fam,pit,0.0,0.0,30.985,4.002,False
274,5TDY7U,,6.0,testA,pit,0.0,0.0,45.157,4.035,False
275,5TDY7U,,7.0,fam,barrier-jump,0.0,0.0,32.278,4.05,False
276,5TDY7U,,8.0,testB,barrier-jump,0.0,0.0,45.358,4.021,False
277,4REZBL,,1.0,fam,barrier-around,0.9434163738323084,37.823,0.0,0.0,False
278,4REZBL,,2.0,testB,barrier-around,0.8843507652380028,40.898,3.49,0.0,False
279,4REZBL,,3.0,fam,barrier-jump,0.8157180155424968,30.816,1.391,1.455,False
280,4REZBL,,4.0,testA,barrier-jump,0.9196278524960764,43.342,1.391,0.0,False
281,4REZBL,,5.0,fam,pit-bridge,0.9346088854409124,29.76,0.0,0.0,False
282,4REZBL,,6.0,testA,pit-bridge,0.8653268719025428,36.258,7.793,4.017,False
283,4REZBL,,7.0,fam,pit,0.9209418071955824,26.064,4.704,0.336,False
284,4REZBL,,8.0,testB,pit,0.8419921538794828,26.498,16.428,1.265,False
285,4REZBL,,9.0,fam,barrier-around,0.9162177008170505,35.201,2.001,2.033,False
286,4REZBL,,10.0,testB,barrier-around,0.7827760973279341,12.524,11.345,2.818,False
287,4REZBL,,11.0,testB,barrier-around-repeat-1,0.7609486809216547,19.729,22.332,2.46,False
288,WTG3VQ,,1.0,fam,barrier-around,0.9372083566545542,29.712,5.088,1.071,False
289,WTG3VQ,,2.0,testA,barrier-around,0.9252484805499428,24.004,14.059,2.064,False
290,WTG3VQ,,3.0,fam,barrier-jump,0.8950487269805028,27.399,3.006,0.063,False
291,WTG3VQ,,4.0,testB,barrier-jump,0.8652568431403822,20.835,20.893,1.056,False
292,WTG3VQ,,5.0,fam,pit-bridge,0.8930368345560401,23.975,3.575,0.0,False
293,WTG3VQ,,6.0,testB,pit-bridge,0.898306074887123,24.182,17.905,3.137,False
294,WTG3VQ,,7.0,fam,pit,0.8297888888533871,25.678,2.72,0.961,False
295,WTG3VQ,,8.0,testA,pit,0.9203920095024224,15.2,26.605,3.295,False
296,VDFTUD,,1.0,fam,barrier-around,0.9090729929296903,37.93,0.0,0.0,False
297,VDFTUD,,2.0,testB,barrier-around,0.9168441872336442,41.473,1.936,0.336,False
298,VDFTUD,,3.0,fam,barrier-jump,0.944501587376786,31.378,0.528,0.851,False
299,VDFTUD,,4.0,testA,barrier-jump,0.7694920241448806,39.903,1.935,0.354,False
300,VDFTUD,,5.0,fam,pit-bridge,0.7850660425645334,8.074,19.722,2.957,False
301,VDFTUD,,6.0,testA,pit-bridge,0.638451622737633,9.91,30.565,4.003,False
302,VDFTUD,,7.0,fam,pit,0.8051711479652981,22.946,6.888,2.276,False
303,VDFTUD,,8.0,testB,pit,0.8007778574430288,25.338,14.362,0.064,False
304,VDFTUD,,9.0,fam,barrier-around,0.8987986280024052,25.128,9.488,3.763,False
305,VDFTUD,,10.0,testB,barrier-around,0.826937549792487,16.428,22.799,1.732,False
306,VDFTUD,,11.0,fam,barrier-jump,0.8129627541435408,25.061,5.641,2.816,False
307,VDFTUD,,12.0,testA,barrier-jump,0.8149849108287266,30.952,10.588,1.672,False
308,5WDNVZ,,1.0,fam,pit,0.8981423979570758,12.47,0.426,0.501,False
309,5WDNVZ,,2.0,fam,pit-repeat-1,0.9210911618367208,30.965,0.0,0.0,False
310,5WDNVZ,,3.0,testA,pit,0.9102881600162877,44.599,0.265,0.0,False
311,5WDNVZ,,4.0,fam,pit-bridge,0.9158395068242328,29.763,0.0,0.0,False
312,5WDNVZ,,5.0,testB,pit-bridge,0.8921426791506187,43.306,1.429,0.0,False
313,5WDNVZ,,6.0,fam,barrier-jump,0.8473907660348509,31.301,0.968,0.0,False
314,5WDNVZ,,7.0,testB,barrier-jump,0.8677037107528532,41.873,2.78,0.37,False
315,5WDNVZ,,8.0,fam,barrier-around,0.9052356965938156,37.906,0.0,0.0,False
316,5WDNVZ,,9.0,testA,barrier-around,0.8846164646906671,41.104,0.0,0.0,False
317,5WDNVZ,,10.0,testA,barrier-around-repeat-1,0.8596525690961613,37.225,5.932,0.104,False
318,5WDNVZ,,11.0,fam,pit,0.912435616716484,28.575,1.9,0.873,False
319,5WDNVZ,,12.0,testA,pit,0.8743002954008278,37.417,6.062,0.0,False
320,5WDNVZ,,13.0,fam,pit-bridge,0.8674633267238248,20.439,7.538,0.0,False
321,5WDNVZ,,14.0,testB,pit-bridge,0.865276159782754,39.02,4.61,0.0,False
322,JYcJHJ,,1.0,fam,pit,0.8527650555680254,14.199,11.415,1.962,False
323,JYcJHJ,,2.0,testA,pit,0.8219711128937996,8.946,30.348,3.648,False
324,JYcJHJ,,3.0,fam,pit-bridge,0.7972718473428335,3.47,22.957,3.457,False
325,JYcJHJ,,4.0,testB,pit-bridge,0.7868283162104714,4.265,36.16,3.969,False
326,JYcJHJ,,5.0,fam,barrier-jump,0.8844093317961573,17.066,9.777,2.644,False
327,JYcJHJ,,6.0,testB,barrier-jump,0.7501092684310926,6.627,32.851,2.22,False
328,JYcJHJ,,7.0,fam,barrier-around,0.8160547483022567,12.807,21.92,3.977,False
329,JYcJHJ,,8.0,testA,barrier-around,0.853262298829041,11.733,28.045,2.171,False
330,JYcJHJ,,9.0,fam,pit,0.7556413385001096,1.164,28.492,3.315,False
331,JYcJHJ,,10.0,testA,pit,0.6595040479489358,6.731,33.709,2.159,False
332,JYcJHJ,,11.0,fam,pit-bridge,0.8588177094296101,8.05,21.269,4.001,False
333,JYcJHJ,,12.0,testB,pit-bridge,0.8257295706852235,10.174,30.213,4.003,False
334,HEc5NA,,1.0,fam,pit-bridge,0.9025016138692956,20.106,8.817,0.0,False
335,HEc5NA,,2.0,testB,pit-bridge,0.906952032269178,23.979,19.801,0.0,False
336,HEc5NA,,3.0,fam,barrier-around,0.9311010137708654,18.133,18.869,4.008,False
337,HEc5NA,,4.0,testA,barrier-around,0.8618761144150262,14.095,30.091,4.008,False
338,HEc5NA,,5.0,fam,pit,0.930145323665584,12.658,18.035,2.838,False
339,HEc5NA,,6.0,testA,pit,0.972310387924926,2.404,42.581,4.008,False
340,HEc5NA,,7.0,fam,barrier-jump,0.8746176249795146,20.405,11.789,1.369,False
341,HEc5NA,,8.0,testB,barrier-jump,0.9069958633564889,9.217,35.501,4.007,False
342,HEc5NA,,9.0,fam,pit-bridge,0.9477882787082972,2.839,26.717,3.974,False
343,HEc5NA,,10.0,testB,pit-bridge,0.9189414111050692,1.704,43.115,4.007,False
344,HEc5NA,,11.0,fam,barrier-around,0.9114503925666212,4.174,33.563,3.673,False
345,HEc5NA,,12.0,testA,barrier-around,0.8281458170331145,12.526,30.727,2.872,False
346,PTZNSL,,1.0,fam,barrier-around,0.8924066238868268,37.889,0.0,0.0,False
347,PTZNSL,,2.0,testB,barrier-around,0.9237174844929624,44.966,0.0,0.017,False
348,PTZNSL,,3.0,fam,barrier-jump,0.8725186473848414,32.394,0.0,0.0,False
349,PTZNSL,,4.0,testA,barrier-jump,0.8585723370119943,35.668,7.903,3.193,False
350,PTZNSL,,5.0,fam,pit-bridge,0.8768933022022247,27.663,1.564,0.0,False
351,PTZNSL,,6.0,testA,pit-bridge,0.8747626253936015,41.31,3.18,0.0,False
352,PTZNSL,,7.0,fam,pit,0.955786326916608,30.568,0.29,0.362,False
353,PTZNSL,,8.0,testB,pit,0.9068235003228844,38.584,5.204,0.0,False
354,W7ZXCP,,1.0,fam,pit-bridge,0.9162808291846328,27.265,1.415,1.225,False
355,W7ZXCP,,2.0,testA,pit-bridge,0.9620133026100782,42.691,0.925,0.0,False
356,W7ZXCP,,3.0,fam,barrier-around,0.9300226958487868,34.104,1.334,0.136,False
357,W7ZXCP,,4.0,testB,barrier-around,0.8937965638126172,34.682,7.984,1.331,False
358,W7ZXCP,,5.0,fam,pit,0.9377913609031558,24.927,4.425,2.231,False
359,W7ZXCP,,6.0,testB,pit,0.9155328544768918,26.115,15.954,1.176,False
360,W7ZXCP,,7.0,fam,barrier-jump,0.9693550976854942,23.693,8.084,0.894,False
361,W7ZXCP,,8.0,testA,barrier-jump,0.93693058564772,24.738,18.873,0.271,False
362,47HZV5,,1.0,fam,pit,0.0,0.0,30.945,4.028,False
363,47HZV5,,2.0,testB,pit,0.0,0.0,45.012,4.003,False
364,47HZV5,,3.0,fam,pit-bridge,0.0,0.0,29.752,4.001,False
365,47HZV5,,4.0,testA,pit-bridge,0.0,0.0,39.017,4.032,False
366,47HZV5,,5.0,testA,pit-bridge-repeat-1,0.0,0.0,44.979,4.032,False
367,47HZV5,,6.0,fam,barrier-jump,0.0,0.0,32.426,4.003,False
368,47HZV5,,7.0,testA,barrier-jump,0.0,0.0,44.99,4.01,False
369,47HZV5,,8.0,fam,barrier-around,0.0,0.0,37.885,4.031,False
370,47HZV5,,9.0,testB,barrier-around,0.0,0.0,44.989,4.001,False
371,47HZV5,,10.0,fam,pit,0.0,0.0,30.95,4.022,False
372,47HZV5,,11.0,testB,pit,0.0,0.0,45.004,4.001,False
373,47HZV5,,12.0,fam,pit-bridge,0.0,0.0,29.755,4.029,False
374,47HZV5,,13.0,testA,pit-bridge,0.0,0.0,45.011,4.001,False
375,4SYGJG,,1.0,fam,barrier-jump,0.9442593330120455,32.424,0.0,0.0,False
376,4SYGJG,,2.0,testB,barrier-jump,0.9235575950624955,32.853,11.657,3.094,False
377,4SYGJG,,3.0,fam,pit,0.9452923959711703,21.474,8.811,1.591,False
378,4SYGJG,,4.0,testA,pit,0.9201206033088931,28.275,15.977,0.0,False
379,4SYGJG,,5.0,fam,barrier-around,0.9574690904326111,21.386,15.754,0.858,False
380,4SYGJG,,6.0,testA,barrier-around,0.8826052811874705,25.388,18.282,1.959,False
381,4SYGJG,,7.0,fam,pit-bridge,0.8909761531431167,19.914,9.176,0.0,False
382,4SYGJG,,8.0,testB,pit-bridge,0.8743263604069439,17.884,25.714,3.216,False
383,4SYGJG,,9.0,fam,barrier-jump,0.8723034247102718,15.419,15.981,0.0,False
384,4SYGJG,,10.0,testB,barrier-jump,0.8365943760792744,15.446,28.604,0.0,False
385,4SYGJG,,11.0,fam,pit,0.8610229746939458,15.458,13.856,3.049,False
386,4SYGJG,,12.0,testA,pit,0.8669195473194122,21.45,21.84,0.939,False
